{"cameraMode":{"drawMode":0,"name":"Shaded","section":"Shading Mode"},"sceneLighting":true,"audioPlay":false,"sceneViewState":{"m_AlwaysRefresh":false,"showFog":true,"showSkybox":true,"showFlares":true,"showImageEffects":true,"showParticleSystems":true,"showVisualEffectGraphs":true,"m_FxEnabled":true},"in2DMode":false,"pivot":{"x":-2.8873932361602785,"y":-0.5469564199447632,"z":2.5680503845214845},"rotation":{"x":-0.2891785502433777,"y":0.019247036427259446,"z":-0.005783853121101856,"w":-0.9571378231048584},"size":3.3257410526275636,"orthographic":false}