{"cameraMode":{"drawMode":0,"name":"Shaded","section":"Shading Mode"},"sceneLighting":true,"audioPlay":false,"sceneViewState":{"m_AlwaysRefresh":false,"showFog":true,"showSkybox":true,"showFlares":true,"showImageEffects":true,"showParticleSystems":true,"showVisualEffectGraphs":true,"m_FxEnabled":true},"in2DMode":false,"pivot":{"x":2.3311350345611574,"y":-2.334425926208496,"z":1.5885802507400513},"rotation":{"x":-0.2891785502433777,"y":0.019247036427259446,"z":-0.005783853121101856,"w":-0.9571378231048584},"size":5.211510181427002,"orthographic":false}